SET @ENTRY := 90000;
SET @NPC_COUNT := 22;
SET @GUID := 600000;

DELETE FROM `creature_template` WHERE `entry` BETWEEN @ENTRY AND @ENTRY + @NPC_COUNT;

INSERT INTO `creature_template` VALUES 
(@ENTRY,0,0,0,0,0,19633,0,0,0,'PvP Gear','',NULL,0,70,70,1,35,128,1,1.14286,0.5,0,252,357,0,304,1,2000,2000,1,33024,2048,0,0,0,0,0,0,215,320,44,7,0,0,0,0,0,0,0,0,0,0,0,0,0,0,0,0,0,0,0,0,0,0,'',1,3,1,1,1,1,0,0,0,0,0,0,0,0,1,0,2,'',12340),
(@ENTRY + 1,0,0,0,0,0,19633,0,0,0,'PvP Weapons','',NULL,0,70,70,1,35,128,1,1.14286,0.5,0,252,357,0,304,1,2000,2000,1,33024,2048,0,0,0,0,0,0,215,320,44,7,0,0,0,0,0,0,0,0,0,0,0,0,0,0,0,0,0,0,0,0,0,0,'',1,3,1,1,1,1,0,0,0,0,0,0,0,0,1,0,2,'',12340),
(@ENTRY + 2,0,0,0,0,0,19633,0,0,0,'PvE Plate','',NULL,0,70,70,1,35,128,1,1.14286,0.5,0,252,357,0,304,1,2000,2000,1,33024,2048,0,0,0,0,0,0,215,320,44,7,0,0,0,0,0,0,0,0,0,0,0,0,0,0,0,0,0,0,0,0,0,0,'',1,3,1,1,1,1,0,0,0,0,0,0,0,0,1,0,2,'',12340),
(@ENTRY + 3,0,0,0,0,0,19633,0,0,0,'PvE Leather','',NULL,0,70,70,1,35,128,1,1.14286,0.5,0,252,357,0,304,1,2000,2000,1,33024,2048,0,0,0,0,0,0,215,320,44,7,0,0,0,0,0,0,0,0,0,0,0,0,0,0,0,0,0,0,0,0,0,0,'',1,3,1,1,1,1,0,0,0,0,0,0,0,0,1,0,2,'',12340),
(@ENTRY + 4,0,0,0,0,0,19633,0,0,0,'PvE Mail','',NULL,0,70,70,1,35,128,1,1.14286,0.5,0,252,357,0,304,1,2000,2000,1,33024,2048,0,0,0,0,0,0,215,320,44,7,0,0,0,0,0,0,0,0,0,0,0,0,0,0,0,0,0,0,0,0,0,0,'',1,3,1,1,1,1,0,0,0,0,0,0,0,0,1,0,2,'',12340),
(@ENTRY + 5,0,0,0,0,0,19633,0,0,0,'PvE Cloth','',NULL,0,70,70,1,35,128,1,1.14286,0.5,0,252,357,0,304,1,2000,2000,1,33024,2048,0,0,0,0,0,0,215,320,44,7,0,0,0,0,0,0,0,0,0,0,0,0,0,0,0,0,0,0,0,0,0,0,'',1,3,1,1,1,1,0,0,0,0,0,0,0,0,1,0,2,'',12340),
(@ENTRY + 6,0,0,0,0,0,19633,0,0,0,'PvE Weapons','',NULL,0,70,70,1,35,128,1,1.14286,0.5,0,252,357,0,304,1,2000,2000,1,33024,2048,0,0,0,0,0,0,215,320,44,7,0,0,0,0,0,0,0,0,0,0,0,0,0,0,0,0,0,0,0,0,0,0,'',1,3,1,1,1,1,0,0,0,0,0,0,0,0,1,0,2,'',12340),
(@ENTRY + 7,0,0,0,0,0,19633,0,0,0,'PvE Shields&Offhands','',NULL,0,70,70,1,35,128,1,1.14286,0.5,0,252,357,0,304,1,2000,2000,1,33024,2048,0,0,0,0,0,0,215,320,44,7,0,0,0,0,0,0,0,0,0,0,0,0,0,0,0,0,0,0,0,0,0,0,'',1,3,1,1,1,1,0,0,0,0,0,0,0,0,1,0,2,'',12340),
(@ENTRY + 8,0,0,0,0,0,19633,0,0,0,'PvE Rings&Necks','',NULL,0,70,70,1,35,128,1,1.14286,0.5,0,252,357,0,304,1,2000,2000,1,33024,2048,0,0,0,0,0,0,215,320,44,7,0,0,0,0,0,0,0,0,0,0,0,0,0,0,0,0,0,0,0,0,0,0,'',1,3,1,1,1,1,0,0,0,0,0,0,0,0,1,0,2,'',12340),
(@ENTRY + 9,0,0,0,0,0,19633,0,0,0,'PvE Trinkets','',NULL,0,70,70,1,35,128,1,1.14286,0.5,0,252,357,0,304,1,2000,2000,1,33024,2048,0,0,0,0,0,0,215,320,44,7,0,0,0,0,0,0,0,0,0,0,0,0,0,0,0,0,0,0,0,0,0,0,'',1,3,1,1,1,1,0,0,0,0,0,0,0,0,1,0,2,'',12340),
(@ENTRY + 10,0,0,0,0,0,19633,0,0,0,'PvE Cloaks&Relics','',NULL,0,70,70,1,35,128,1,1.14286,0.5,0,252,357,0,304,1,2000,2000,1,33024,2048,0,0,0,0,0,0,215,320,44,7,0,0,0,0,0,0,0,0,0,0,0,0,0,0,0,0,0,0,0,0,0,0,'',1,3,1,1,1,1,0,0,0,0,0,0,0,0,1,0,2,'',12340),
(@ENTRY + 11,0,0,0,0,0,19633,0,0,0,'Glyphs I','',NULL,0,70,70,1,35,128,1,1.14286,0.5,0,252,357,0,304,1,2000,2000,1,33024,2048,0,0,0,0,0,0,215,320,44,7,0,0,0,0,0,0,0,0,0,0,0,0,0,0,0,0,0,0,0,0,0,0,'',1,3,1,1,1,1,0,0,0,0,0,0,0,0,1,0,2,'',12340),
(@ENTRY + 12,0,0,0,0,0,19633,0,0,0,'Glyphs II','',NULL,0,70,70,1,35,128,1,1.14286,0.5,0,252,357,0,304,1,2000,2000,1,33024,2048,0,0,0,0,0,0,215,320,44,7,0,0,0,0,0,0,0,0,0,0,0,0,0,0,0,0,0,0,0,0,0,0,'',1,3,1,1,1,1,0,0,0,0,0,0,0,0,1,0,2,'',12340),
(@ENTRY + 13,0,0,0,0,0,19633,0,0,0,'Glyphs III','',NULL,0,70,70,1,35,128,1,1.14286,0.5,0,252,357,0,304,1,2000,2000,1,33024,2048,0,0,0,0,0,0,215,320,44,7,0,0,0,0,0,0,0,0,0,0,0,0,0,0,0,0,0,0,0,0,0,0,'',1,3,1,1,1,1,0,0,0,0,0,0,0,0,1,0,2,'',12340),
(@ENTRY + 14,0,0,0,0,0,19633,0,0,0,'Armor Enchantements I','',NULL,0,70,70,1,35,128,1,1.14286,0.5,0,252,357,0,304,1,2000,2000,1,33024,2048,0,0,0,0,0,0,215,320,44,7,0,0,0,0,0,0,0,0,0,0,0,0,0,0,0,0,0,0,0,0,0,0,'',1,3,1,1,1,1,0,0,0,0,0,0,0,0,1,0,2,'',12340),
(@ENTRY + 15,0,0,0,0,0,19633,0,0,0,'Armor Enchantements II','',NULL,0,70,70,1,35,128,1,1.14286,0.5,0,252,357,0,304,1,2000,2000,1,33024,2048,0,0,0,0,0,0,215,320,44,7,0,0,0,0,0,0,0,0,0,0,0,0,0,0,0,0,0,0,0,0,0,0,'',1,3,1,1,1,1,0,0,0,0,0,0,0,0,1,0,2,'',12340),
(@ENTRY + 16,0,0,0,0,0,19633,0,0,0,'Weapon Enchantements','',NULL,0,70,70,1,35,128,1,1.14286,0.5,0,252,357,0,304,1,2000,2000,1,33024,2048,0,0,0,0,0,0,215,320,44,7,0,0,0,0,0,0,0,0,0,0,0,0,0,0,0,0,0,0,0,0,0,0,'',1,3,1,1,1,1,0,0,0,0,0,0,0,0,1,0,2,'',12340),
(@ENTRY + 17,0,0,0,0,0,19633,0,0,0,'Gems','',NULL,0,70,70,1,35,128,1,1.14286,0.5,0,252,357,0,304,1,2000,2000,1,33024,2048,0,0,0,0,0,0,215,320,44,7,0,0,0,0,0,0,0,0,0,0,0,0,0,0,0,0,0,0,0,0,0,0,'',1,3,1,1,1,1,0,0,0,0,0,0,0,0,1,0,2,'',12340),
(@ENTRY + 18,0,0,0,0,0,19633,0,0,0,'Meta Gems','',NULL,0,70,70,1,35,128,1,1.14286,0.5,0,252,357,0,304,1,2000,2000,1,33024,2048,0,0,0,0,0,0,215,320,44,7,0,0,0,0,0,0,0,0,0,0,0,0,0,0,0,0,0,0,0,0,0,0,'',1,3,1,1,1,1,0,0,0,0,0,0,0,0,1,0,2,'',12340),
(@ENTRY + 19,0,0,0,0,0,19633,0,0,0,'Mounts','',NULL,0,70,70,1,35,128,1,1.14286,0.5,0,252,357,0,304,1,2000,2000,1,33024,2048,0,0,0,0,0,0,215,320,44,7,0,0,0,0,0,0,0,0,0,0,0,0,0,0,0,0,0,0,0,0,0,0,'',1,3,1,1,1,1,0,0,0,0,0,0,0,0,1,0,2,'',12340),
(@ENTRY + 20,0,0,0,0,0,19633,0,0,0,'Professions','',NULL,0,70,70,1,35,128,1,1.14286,0.5,0,252,357,0,304,1,2000,2000,1,33024,2048,0,0,0,0,0,0,215,320,44,7,0,0,0,0,0,0,0,0,0,0,0,0,0,0,0,0,0,0,0,0,0,0,'',1,3,1,1,1,1,0,0,0,0,0,0,0,0,1,0,2,'',12340),
(@ENTRY + 21,0,0,0,0,0,19633,0,0,0,'Materials','',NULL,0,70,70,1,35,128,1,1.14286,0.5,0,252,357,0,304,1,2000,2000,1,33024,2048,0,0,0,0,0,0,215,320,44,7,0,0,0,0,0,0,0,0,0,0,0,0,0,0,0,0,0,0,0,0,0,0,'',1,3,1,1,1,1,0,0,0,0,0,0,0,0,1,0,2,'',12340);

DELETE FROM `creature` WHERE `guid` BETWEEN @GUID AND @GUID + 55;
INSERT INTO `creature` VALUES 
(@GUID,@ENTRY,571,1,1,0,0,5779.96,591.246,609.886,1.77901,300,0,0,6986,0,0,0,0,0),
(@GUID + 1,@ENTRY + 1,571,1,1,0,0,5782.77,592.053,609.886,1.81828,300,0,0,6986,0,0,0,0,0),
(@GUID + 2,@ENTRY + 2,571,1,1,0,0,5785.28,593.595,609.886,2.03505,300,0,0,6986,0,0,0,0,0),
(@GUID + 3,@ENTRY + 3,571,1,1,0,0,5787.65,595.44,609.886,2.20391,300,0,0,6986,0,0,0,0,0),
(@GUID + 4,@ENTRY + 4,571,1,1,0,0,5789.86,597.911,609.886,2.47644,300,0,0,6986,0,0,0,0,0),
(@GUID + 5,@ENTRY + 5,571,1,1,0,0,5791.25,600.845,609.886,2.67201,300,0,0,6986,0,0,0,0,0),
(@GUID + 6,@ENTRY + 6,571,1,1,0,0,5792.06,603.898,609.886,2.80867,300,0,0,6986,0,0,0,0,0),
(@GUID + 7,@ENTRY + 7,571,1,1,0,0,5792.37,606.828,609.886,2.94847,300,0,0,6986,0,0,0,0,0),
(@GUID + 8,@ENTRY + 8,571,1,1,0,0,5792.33,609.993,609.886,3.06785,300,0,0,6986,0,0,0,0,0),
(@GUID + 9,@ENTRY + 9,571,1,1,0,0,5762.27,609.751,609.886,5.45309,300,0,0,6986,0,0,0,0,0),
(@GUID + 10,@ENTRY + 10,571,1,1,0,0,5763.11,612.153,609.886,5.84657,300,0,0,6986,0,0,0,0,0),
(@GUID + 11,@ENTRY + 11,571,1,1,0,0,5764.28,615.094,609.886,5.64394,300,0,0,6986,0,0,0,0,0),
(@GUID + 12,@ENTRY + 12,571,1,1,0,0,5765.88,617.156,609.886,5.40911,300,0,0,6986,0,0,0,0,0),
(@GUID + 13,@ENTRY + 13,571,1,1,0,0,5768.33,618.98,609.886,5.684,300,0,0,6986,0,0,0,0,0),
(@GUID + 14,@ENTRY + 14,571,1,1,0,0,5770.58,620.857,609.886,5.38633,300,0,0,6986,0,0,0,0,0),
(@GUID + 15,@ENTRY + 15,571,1,1,0,0,5772.94,621.811,609.886,5.3879,300,0,0,6986,0,0,0,0,0),
(@GUID + 16,@ENTRY + 16,571,1,1,0,0,5775.73,622.672,609.886,4.62056,300,0,0,6986,0,0,0,0,0),
(@GUID + 17,@ENTRY + 17,571,1,1,0,0,5772.12,594.749,609.887,0.671601,300,0,0,6986,0,0,0,0,0),
(@GUID + 18,@ENTRY + 18,571,1,1,0,0,5769.01,598.663,609.887,0.671601,300,0,0,6986,0,0,0,0,0),
(@GUID + 19,@ENTRY + 19,571,1,1,0,0,5765.9,602.577,609.887,0.671601,300,0,0,6986,0,0,0,0,0),
(@GUID + 20,@ENTRY + 20,571,1,1,0,0,5800.63,619.202,609.158,1.33717,300,0,0,6986,0,0,0,0,0),
(@GUID + 21,@ENTRY + 21,571,1,1,0,0,5803.46,619.77,609.158,1.95981,300,0,0,6986,0,0,0,0,0),
(@GUID + 22,26324,571,1,1,0,0,5789.63,635.249,609.887,6.19059,300,0,0,8982,3155,0,0,0,0),
(@GUID + 23,26325,571,1,1,0,0,5789.61,637.368,609.887,0.064481,300,0,0,8982,3155,0,0,0,0),
(@GUID + 24,26326,571,1,1,0,0,5789.66,639.422,609.887,6.222,300,0,0,7185,7196,0,0,0,0),
(@GUID + 25,26327,571,1,1,0,0,5789.8,641.923,609.887,6.12776,300,0,0,8982,3155,0,0,0,0),
(@GUID + 26,26328,571,1,1,0,0,5790.57,644.228,609.887,5.92748,300,0,0,7185,7196,0,0,0,0),
(@GUID + 27,26329,571,1,1,0,0,5791.26,646.178,609.887,5.87251,300,0,0,8982,0,0,0,0,0),
(@GUID + 28,26330,571,1,1,0,0,5792.22,648.354,609.887,5.76648,300,0,0,8982,3155,0,0,0,0),
(@GUID + 29,26331,571,1,1,0,0,5794.21,650.77,609.887,5.54657,300,0,0,7185,7196,0,0,0,0),
(@GUID + 30,26332,571,1,1,0,0,5796.61,652.319,609.887,5.38165,300,0,0,8982,0,0,0,0,0),
(@GUID + 31,33251,571,1,1,0,0,5799.33,653.878,609.887,5.13425,300,0,0,5342,0,0,0,0,0),
(@GUID + 32,28694,571,1,1,0,0,5817.91,628.892,609.886,2.497,300,0,0,10635,0,0,0,0,0),
(@GUID + 33,28701,571,1,1,0,0,5816.45,627.579,609.833,2.41453,300,0,0,10635,0,0,0,0,0),
(@GUID + 34,28699,571,1,1,0,0,5814.59,626.15,609.732,2.21425,300,0,0,10635,0,0,0,0,0),
(@GUID + 35,28697,571,1,1,0,0,5812.65,624.873,609.715,2.17891,300,0,0,10635,0,0,0,0,0),
(@GUID + 36,28706,571,1,1,0,0,5810.49,623.547,609.74,2.0179,300,0,0,8508,7981,0,0,0,0),
(@GUID + 37,3334,571,1,1,0,1,5787.49,631.846,609.157,6.02344,300,0,0,1003,0,0,0,0,0),
(@GUID + 38,29636,571,1,1,0,0,5786.87,629.686,609.157,6.1491,300,0,0,8508,7981,0,0,0,0),
(@GUID + 39,31146,571,1,1,0,0,5802.66,662.515,609.158,5.76743,300,0,0,24009944,0,0,0,0,0),
(@GUID + 40,31146,571,1,1,0,0,5826.37,644.599,609.159,2.46091,300,0,0,24009944,0,0,0,0,0),
(@GUID + 41,28677,571,1,1,0,0,5785.19,628.063,609.158,5.55536,300,0,0,10635,0,0,0,0,0),
(@GUID + 42,11866,571,1,1,0,1,5823.93,632.565,612.457,3.25631,300,0,0,15505,0,0,0,0,0),
(@GUID + 43,11865,571,1,1,0,1,5823.89,634.219,611.689,3.25631,300,0,0,15505,0,0,0,0,0),
(@GUID + 44,13084,571,1,1,0,1,5823.62,635.855,611.024,3.19662,300,0,0,15505,0,0,0,0,0),
(@GUID + 45,11867,571,1,1,0,1,5823.75,637.535,610.448,3.0364,300,0,0,15505,0,0,0,0,0),
(@GUID + 46,16773,571,1,1,0,0,5823.54,630.659,613.239,3.26416,300,0,0,955,0,0,0,0,0),
(@GUID + 47,11868,571,1,1,0,1,5822.48,639.226,609.489,3.11022,300,0,0,15505,0,0,0,0,0),
(@GUID + 48,2704,571,1,1,0,1,5821.75,637.144,609.721,2.81649,300,0,0,15505,0,0,0,0,0),
(@GUID + 49,11869,571,1,1,0,1,5821.67,634.886,609.352,2.86675,300,0,0,15505,0,0,0,0,0),
(@GUID + 50,11870,571,1,1,0,1,5822.02,632.661,609.158,2.89109,300,0,0,15505,0,0,0,0,0),
(@GUID + 51,17005,571,1,1,0,1,5822.35,631.083,609.158,3.04188,300,0,0,774,2175,0,0,0,0),
(@GUID + 52,30885,571,1,1,0,0,5808.61,621.792,609.158,1.96743,300,0,0,5617,7981,0,0,0,0),
(@GUID + 53,31146,571,1,1,0,0,5798.45,613.078,609.157,2.4166,300,0,0,24009944,0,0,0,0,0),
(@GUID + 54,31146,571,1,1,0,0,5778.85,626.335,609.158,5.58569,300,0,0,24009944,0,0,0,0,0),
(@GUID + 55,28716,571,1,1,0,1,5783.51,626.397,609.158,5.47353,300,0,0,10635,0,0,0,0,0);

DELETE FROM `npc_vendor` WHERE `entry` BETWEEN @ENTRY AND @ENTRY + @NPC_COUNT;

-- Plate items
INSERT INTO npc_vendor 
SELECT @ENTRY + 2, 0, c.item, 0, 0, 0
FROM creature_loot_template c 
JOIN item_template i ON i.entry = c.item
WHERE c.entry IN (33113, 33118, 33186, 33293, 32867, 33515, 33271, 33288, 34003, 33190, 33724, 33885, 33693, 34175, 33449, 33955)
AND i.class = 4 AND i.subclass = 4;

INSERT INTO npc_vendor 
SELECT @ENTRY + 2, 0, c.item, 0, 0, 0
FROM reference_loot_template c 
JOIN item_template i ON i.entry = c.item
WHERE c.entry IN (34359, 34351, 34353, 34355, 34354, 34373, 34375, 12034, 34357, 34374, 34363, 34360, 34356, 34358, 34376, 12035, 34350, 34352, 34364, 34154, 34362 ,34368 ,12029 ,34372 ,12033 ,34370 ,12031 ,12023 ,34134 ,34361 ,34367 ,12028 ,34371 ,12032 ,34365 ,12026 ,34366 ,12027 ,34369 ,12030)
AND i.class = 4 AND i.subclass = 4;

INSERT INTO npc_vendor 
SELECT @ENTRY + 2, 0, c.item, 0, 0, 0
FROM gameobject_loot_template c 
JOIN item_template i ON i.entry = c.item
WHERE c.entry IN (27069 ,26950 ,27068 ,26946 ,27073 ,26955 ,27078 ,27079 ,27080 ,27081 ,26959 ,26960 ,26961 ,26962 ,27085 ,27030 ,26974 ,26963 ,27086 ,26967 ,27061 ,26929)
AND i.class = 4 AND i.subclass = 4;

-- Leather items
INSERT INTO npc_vendor 
SELECT @ENTRY + 3, 0, c.item, 0, 0, 0
FROM creature_loot_template c 
JOIN item_template i ON i.entry = c.item
WHERE c.entry IN (33113, 33118, 33186, 33293, 32867, 33515, 33271, 33288, 34003, 33190, 33724, 33885, 33693, 34175, 33449, 33955)
AND i.class = 4 AND i.subclass = 2;

INSERT INTO npc_vendor 
SELECT @ENTRY + 3, 0, c.item, 0, 0, 0
FROM reference_loot_template c 
JOIN item_template i ON i.entry = c.item
WHERE c.entry IN (34359, 34351, 34353, 34355, 34354, 34373, 34375, 12034, 34357, 34374, 34363, 34360, 34356, 34358, 34376, 12035, 34350, 34352, 34364, 34154, 34362 ,34368 ,12029 ,34372 ,12033 ,34370 ,12031 ,12023 ,34134 ,34361 ,34367 ,12028 ,34371 ,12032 ,34365 ,12026 ,34366 ,12027 ,34369 ,12030)
AND i.class = 4 AND i.subclass = 2;

INSERT INTO npc_vendor 
SELECT @ENTRY + 3, 0, c.item, 0, 0, 0
FROM gameobject_loot_template c 
JOIN item_template i ON i.entry = c.item
WHERE c.entry IN (27069 ,26950 ,27068 ,26946 ,27073 ,26955 ,27078 ,27079 ,27080 ,27081 ,26959 ,26960 ,26961 ,26962 ,27085 ,27030 ,26974 ,26963 ,27086 ,26967 ,27061 ,26929)
AND i.class = 4 AND i.subclass = 2;

-- Mail items
INSERT INTO npc_vendor 
SELECT @ENTRY + 4, 0, c.item, 0, 0, 0
FROM creature_loot_template c 
JOIN item_template i ON i.entry = c.item
WHERE c.entry IN (33113, 33118, 33186, 33293, 32867, 33515, 33271, 33288, 34003, 33190, 33724, 33885, 33693, 34175, 33449, 33955)
AND i.class = 4 AND i.subclass = 3;

INSERT INTO npc_vendor 
SELECT @ENTRY + 4, 0, c.item, 0, 0, 0
FROM reference_loot_template c 
JOIN item_template i ON i.entry = c.item
WHERE c.entry IN (34359, 34351, 34353, 34355, 34354, 34373, 34375, 12034, 34357, 34374, 34363, 34360, 34356, 34358, 34376, 12035, 34350, 34352, 34364, 34154, 34362 ,34368 ,12029 ,34372 ,12033 ,34370 ,12031 ,12023 ,34134 ,34361 ,34367 ,12028 ,34371 ,12032 ,34365 ,12026 ,34366 ,12027 ,34369 ,12030)
AND i.class = 4 AND i.subclass = 3;

INSERT INTO npc_vendor 
SELECT @ENTRY + 4, 0, c.item, 0, 0, 0
FROM gameobject_loot_template c 
JOIN item_template i ON i.entry = c.item
WHERE c.entry IN (27069 ,26950 ,27068 ,26946 ,27073 ,26955 ,27078 ,27079 ,27080 ,27081 ,26959 ,26960 ,26961 ,26962 ,27085 ,27030 ,26974 ,26963 ,27086 ,26967 ,27061 ,26929)
AND i.class = 4 AND i.subclass = 3;

-- Cloth items
INSERT INTO npc_vendor 
SELECT @ENTRY + 5, 0, c.item, 0, 0, 0
FROM creature_loot_template c 
JOIN item_template i ON i.entry = c.item
WHERE c.entry IN (33113, 33118, 33186, 33293, 32867, 33515, 33271, 33288, 34003, 33190, 33724, 33885, 33693, 34175, 33449, 33955)
AND i.class = 4 AND i.subclass = 1;

INSERT INTO npc_vendor 
SELECT @ENTRY + 5, 0, c.item, 0, 0, 0
FROM reference_loot_template c 
JOIN item_template i ON i.entry = c.item
WHERE c.entry IN (34359, 34351, 34353, 34355, 34354, 34373, 34375, 12034, 34357, 34374, 34363, 34360, 34356, 34358, 34376, 12035, 34350, 34352, 34364, 34154, 34362 ,34368 ,12029 ,34372 ,12033 ,34370 ,12031 ,12023 ,34134 ,34361 ,34367 ,12028 ,34371 ,12032 ,34365 ,12026 ,34366 ,12027 ,34369 ,12030)
AND i.class = 4 AND i.subclass = 1;

INSERT INTO npc_vendor 
SELECT @ENTRY + 5, 0, c.item, 0, 0, 0
FROM gameobject_loot_template c 
JOIN item_template i ON i.entry = c.item
WHERE c.entry IN (27069 ,26950 ,27068 ,26946 ,27073 ,26955 ,27078 ,27079 ,27080 ,27081 ,26959 ,26960 ,26961 ,26962 ,27085 ,27030 ,26974 ,26963 ,27086 ,26967 ,27061 ,26929)
AND i.class = 4 AND i.subclass = 1;

-- Weapons
INSERT INTO npc_vendor 
SELECT @ENTRY + 6, 0, c.item, 0, 0, 0
FROM creature_loot_template c 
JOIN item_template i ON i.entry = c.item
WHERE c.entry IN (33113, 33118, 33186, 33293, 32867, 33515, 33271, 33288, 34003, 33190, 33724, 33885, 33693, 34175, 33449, 33955)
AND NOT EXISTS (SELECT 1 FROM npc_vendor WHERE item = c.Item AND entry = @ENTRY + 6)
AND i.class = 2;

INSERT INTO npc_vendor 
SELECT @ENTRY + 6, 0, c.item, 0, 0, 0
FROM reference_loot_template c 
JOIN item_template i ON i.entry = c.item
WHERE c.entry IN (34359, 34351, 34353, 34355, 34354, 34373, 34375, 12034, 34357, 34374, 34363, 34360, 34356, 34358, 34376, 12035, 34350, 34352, 34364, 34154, 34362 ,34368 ,12029 ,34372 ,12033 ,34370 ,12031 ,12023 ,34134 ,34361 ,34367 ,12028 ,34371 ,12032 ,34365 ,12026 ,34366 ,12027 ,34369 ,12030)
AND NOT EXISTS (SELECT 1 FROM npc_vendor WHERE item = c.Item AND entry = @ENTRY + 6)
AND i.class = 2;

INSERT INTO npc_vendor 
SELECT @ENTRY + 6, 0, c.item, 0, 0, 0
FROM gameobject_loot_template c 
JOIN item_template i ON i.entry = c.item
WHERE c.entry IN (27069 ,26950 ,27068 ,26946 ,27073 ,26955 ,27078 ,27079 ,27080 ,27081 ,26959 ,26960 ,26961 ,26962 ,27085 ,27030 ,26974 ,26963 ,27086 ,26967 ,27061 ,26929)
AND NOT EXISTS (SELECT 1 FROM npc_vendor WHERE item = c.Item AND entry = @ENTRY + 6)
AND i.class = 2;

-- Shields&Offhands
INSERT INTO npc_vendor 
SELECT @ENTRY + 7, 0, c.item, 0, 0, 0
FROM creature_loot_template c 
JOIN item_template i ON i.entry = c.item
WHERE c.entry IN (33113, 33118, 33186, 33293, 32867, 33515, 33271, 33288, 34003, 33190, 33724, 33885, 33693, 34175, 33449, 33955)
AND i.InventoryType IN (14,23);

INSERT INTO npc_vendor 
SELECT @ENTRY + 7, 0, c.item, 0, 0, 0
FROM reference_loot_template c 
JOIN item_template i ON i.entry = c.item
WHERE c.entry IN (34359, 34351, 34353, 34355, 34354, 34373, 34375, 12034, 34357, 34374, 34363, 34360, 34356, 34358, 34376, 12035, 34350, 34352, 34364, 34154, 34362 ,34368 ,12029 ,34372 ,12033 ,34370 ,12031 ,12023 ,34134 ,34361 ,34367 ,12028 ,34371 ,12032 ,34365 ,12026 ,34366 ,12027 ,34369 ,12030)
AND i.InventoryType IN (14,23);

INSERT INTO npc_vendor 
SELECT @ENTRY + 7, 0, c.item, 0, 0, 0
FROM gameobject_loot_template c 
JOIN item_template i ON i.entry = c.item
WHERE c.entry IN (27069 ,26950 ,27068 ,26946 ,27073 ,26955 ,27078 ,27079 ,27080 ,27081 ,26959 ,26960 ,26961 ,26962 ,27085 ,27030 ,26974 ,26963 ,27086 ,26967 ,27061 ,26929)
AND i.InventoryType IN (14,23);

-- Rings&Necks
INSERT INTO npc_vendor 
SELECT @ENTRY + 8, 0, c.item, 0, 0, 0
FROM creature_loot_template c 
JOIN item_template i ON i.entry = c.item
WHERE c.entry IN (33113, 33118, 33186, 33293, 32867, 33515, 33271, 33288, 34003, 33190, 33724, 33885, 33693, 34175, 33449, 33955)
AND i.InventoryType IN (2,11);

INSERT INTO npc_vendor 
SELECT @ENTRY + 8, 0, c.item, 0, 0, 0
FROM reference_loot_template c 
JOIN item_template i ON i.entry = c.item
WHERE c.entry IN (34359, 34351, 34353, 34355, 34354, 34373, 34375, 12034, 34357, 34374, 34363, 34360, 34356, 34358, 34376, 12035, 34350, 34352, 34364, 34154, 34362 ,34368 ,12029 ,34372 ,12033 ,34370 ,12031 ,12023 ,34134 ,34361 ,34367 ,12028 ,34371 ,12032 ,34365 ,12026 ,34366 ,12027 ,34369 ,12030)
AND i.InventoryType IN (2,11);

INSERT INTO npc_vendor 
SELECT @ENTRY + 8, 0, c.item, 0, 0, 0
FROM gameobject_loot_template c 
JOIN item_template i ON i.entry = c.item
WHERE c.entry IN (27069 ,26950 ,27068 ,26946 ,27073 ,26955 ,27078 ,27079 ,27080 ,27081 ,26959 ,26960 ,26961 ,26962 ,27085 ,27030 ,26974 ,26963 ,27086 ,26967 ,27061 ,26929)
AND i.InventoryType IN (2,11);

-- Trinkets
INSERT INTO npc_vendor 
SELECT @ENTRY + 9, 0, c.item, 0, 0, 0
FROM creature_loot_template c 
JOIN item_template i ON i.entry = c.item
WHERE c.entry IN (33113, 33118, 33186, 33293, 32867, 33515, 33271, 33288, 34003, 33190, 33724, 33885, 33693, 34175, 33449, 33955)
AND i.InventoryType = 12;

INSERT INTO npc_vendor 
SELECT @ENTRY + 9, 0, c.item, 0, 0, 0
FROM reference_loot_template c 
JOIN item_template i ON i.entry = c.item
WHERE c.entry IN (34359, 34351, 34353, 34355, 34354, 34373, 34375, 12034, 34357, 34374, 34363, 34360, 34356, 34358, 34376, 12035, 34350, 34352, 34364, 34154, 34362 ,34368 ,12029 ,34372 ,12033 ,34370 ,12031 ,12023 ,34134 ,34361 ,34367 ,12028 ,34371 ,12032 ,34365 ,12026 ,34366 ,12027 ,34369 ,12030)
AND i.InventoryType = 12;

INSERT INTO npc_vendor 
SELECT @ENTRY + 9, 0, c.item, 0, 0, 0
FROM gameobject_loot_template c 
JOIN item_template i ON i.entry = c.item
WHERE c.entry IN (27069 ,26950 ,27068 ,26946 ,27073 ,26955 ,27078 ,27079 ,27080 ,27081 ,26959 ,26960 ,26961 ,26962 ,27085 ,27030 ,26974 ,26963 ,27086 ,26967 ,27061 ,26929)
AND i.InventoryType = 12;

-- Cloaks
INSERT INTO npc_vendor 
SELECT @ENTRY + 10, 0, c.item, 0, 0, 0
FROM creature_loot_template c 
JOIN item_template i ON i.entry = c.item
WHERE c.entry IN (33113, 33118, 33186, 33293, 32867, 33515, 33271, 33288, 34003, 33190, 33724, 33885, 33693, 34175, 33449, 33955)
AND i.InventoryType = 16;

INSERT INTO npc_vendor 
SELECT @ENTRY + 10, 0, c.item, 0, 0, 0
FROM reference_loot_template c 
JOIN item_template i ON i.entry = c.item
WHERE c.entry IN (34359, 34351, 34353, 34355, 34354, 34373, 34375, 12034, 34357, 34374, 34363, 34360, 34356, 34358, 34376, 12035, 34350, 34352, 34364, 34154, 34362 ,34368 ,12029 ,34372 ,12033 ,34370 ,12031 ,12023 ,34134 ,34361 ,34367 ,12028 ,34371 ,12032 ,34365 ,12026 ,34366 ,12027 ,34369 ,12030)
AND i.InventoryType = 16;

INSERT INTO npc_vendor 
SELECT @ENTRY + 10, 0, c.item, 0, 0, 0
FROM gameobject_loot_template c 
JOIN item_template i ON i.entry = c.item
WHERE c.entry IN (27069 ,26950 ,27068 ,26946 ,27073 ,26955 ,27078 ,27079 ,27080 ,27081 ,26959 ,26960 ,26961 ,26962 ,27085 ,27030 ,26974 ,26963 ,27086 ,26967 ,27061 ,26929)
AND i.InventoryType = 16;

-- Glyps, enchants, gems etc
INSERT INTO npc_vendor VALUES 
(@ENTRY + 11,0,40896,0,0,0),
(@ENTRY + 11,0,40897,0,0,0),
(@ENTRY + 11,0,40899,0,0,0),
(@ENTRY + 11,0,40900,0,0,0),
(@ENTRY + 11,0,40901,0,0,0),
(@ENTRY + 11,0,40902,0,0,0),
(@ENTRY + 11,0,40903,0,0,0),
(@ENTRY + 11,0,40906,0,0,0),
(@ENTRY + 11,0,40908,0,0,0),
(@ENTRY + 11,0,40909,0,0,0),
(@ENTRY + 11,0,40912,0,0,0),
(@ENTRY + 11,0,40913,0,0,0),
(@ENTRY + 11,0,40914,0,0,0),
(@ENTRY + 11,0,40915,0,0,0),
(@ENTRY + 11,0,40916,0,0,0),
(@ENTRY + 11,0,40919,0,0,0),
(@ENTRY + 11,0,40920,0,0,0),
(@ENTRY + 11,0,40921,0,0,0),
(@ENTRY + 11,0,40922,0,0,0),
(@ENTRY + 11,0,40923,0,0,0),
(@ENTRY + 11,0,40924,0,0,0),
(@ENTRY + 11,0,41092,0,0,0),
(@ENTRY + 11,0,41094,0,0,0),
(@ENTRY + 11,0,41095,0,0,0),
(@ENTRY + 11,0,41096,0,0,0),
(@ENTRY + 11,0,41097,0,0,0),
(@ENTRY + 11,0,41098,0,0,0),
(@ENTRY + 11,0,41099,0,0,0),
(@ENTRY + 11,0,41100,0,0,0),
(@ENTRY + 11,0,41101,0,0,0),
(@ENTRY + 11,0,41102,0,0,0),
(@ENTRY + 11,0,41103,0,0,0),
(@ENTRY + 11,0,41104,0,0,0),
(@ENTRY + 11,0,41105,0,0,0),
(@ENTRY + 11,0,41106,0,0,0),
(@ENTRY + 11,0,41107,0,0,0),
(@ENTRY + 11,0,41108,0,0,0),
(@ENTRY + 11,0,41109,0,0,0),
(@ENTRY + 11,0,41110,0,0,0),
(@ENTRY + 11,0,41517,0,0,0),
(@ENTRY + 11,0,41518,0,0,0),
(@ENTRY + 11,0,41524,0,0,0),
(@ENTRY + 11,0,41526,0,0,0),
(@ENTRY + 11,0,41527,0,0,0),
(@ENTRY + 11,0,41529,0,0,0),
(@ENTRY + 11,0,41530,0,0,0),
(@ENTRY + 11,0,41531,0,0,0),
(@ENTRY + 11,0,41532,0,0,0),
(@ENTRY + 11,0,41533,0,0,0),
(@ENTRY + 11,0,41534,0,0,0),
(@ENTRY + 11,0,41535,0,0,0),
(@ENTRY + 11,0,41536,0,0,0),
(@ENTRY + 11,0,41537,0,0,0),
(@ENTRY + 11,0,41538,0,0,0),
(@ENTRY + 11,0,41539,0,0,0),
(@ENTRY + 11,0,41540,0,0,0),
(@ENTRY + 11,0,41541,0,0,0),
(@ENTRY + 11,0,41542,0,0,0),
(@ENTRY + 11,0,41547,0,0,0),
(@ENTRY + 11,0,41552,0,0,0),
(@ENTRY + 11,0,42396,0,0,0),
(@ENTRY + 11,0,42397,0,0,0),
(@ENTRY + 11,0,42398,0,0,0),
(@ENTRY + 11,0,42399,0,0,0),
(@ENTRY + 11,0,42400,0,0,0),
(@ENTRY + 11,0,42401,0,0,0),
(@ENTRY + 11,0,42402,0,0,0),
(@ENTRY + 11,0,42403,0,0,0),
(@ENTRY + 11,0,42404,0,0,0),
(@ENTRY + 11,0,42405,0,0,0),
(@ENTRY + 11,0,42406,0,0,0),
(@ENTRY + 11,0,42407,0,0,0),
(@ENTRY + 11,0,42408,0,0,0),
(@ENTRY + 11,0,42409,0,0,0),
(@ENTRY + 11,0,42410,0,0,0),
(@ENTRY + 11,0,42411,0,0,0),
(@ENTRY + 11,0,42412,0,0,0),
(@ENTRY + 11,0,42414,0,0,0),
(@ENTRY + 11,0,42415,0,0,0),
(@ENTRY + 11,0,42416,0,0,0),
(@ENTRY + 11,0,42417,0,0,0),
(@ENTRY + 11,0,42453,0,0,0),
(@ENTRY + 11,0,42454,0,0,0),
(@ENTRY + 11,0,42455,0,0,0),
(@ENTRY + 11,0,42456,0,0,0),
(@ENTRY + 11,0,42457,0,0,0),
(@ENTRY + 11,0,42458,0,0,0),
(@ENTRY + 11,0,42459,0,0,0),
(@ENTRY + 11,0,42460,0,0,0),
(@ENTRY + 11,0,42461,0,0,0),
(@ENTRY + 11,0,42462,0,0,0),
(@ENTRY + 11,0,42463,0,0,0),
(@ENTRY + 11,0,42464,0,0,0),
(@ENTRY + 11,0,42465,0,0,0),
(@ENTRY + 11,0,42466,0,0,0),
(@ENTRY + 11,0,42467,0,0,0),
(@ENTRY + 11,0,42468,0,0,0),
(@ENTRY + 11,0,42469,0,0,0),
(@ENTRY + 11,0,42470,0,0,0),
(@ENTRY + 11,0,42471,0,0,0),
(@ENTRY + 11,0,42472,0,0,0),
(@ENTRY + 11,0,42473,0,0,0),
(@ENTRY + 11,0,42734,0,0,0),
(@ENTRY + 11,0,42735,0,0,0),
(@ENTRY + 11,0,42736,0,0,0),
(@ENTRY + 11,0,42737,0,0,0),
(@ENTRY + 11,0,42738,0,0,0),
(@ENTRY + 11,0,42739,0,0,0),
(@ENTRY + 11,0,42740,0,0,0),
(@ENTRY + 11,0,42741,0,0,0),
(@ENTRY + 11,0,42742,0,0,0),
(@ENTRY + 11,0,42743,0,0,0),
(@ENTRY + 11,0,42744,0,0,0),
(@ENTRY + 11,0,42745,0,0,0),
(@ENTRY + 11,0,42746,0,0,0),
(@ENTRY + 11,0,42747,0,0,0),
(@ENTRY + 11,0,42748,0,0,0),
(@ENTRY + 11,0,42749,0,0,0),
(@ENTRY + 11,0,42750,0,0,0),
(@ENTRY + 11,0,42751,0,0,0),
(@ENTRY + 11,0,42752,0,0,0),
(@ENTRY + 11,0,42753,0,0,0),
(@ENTRY + 11,0,42754,0,0,0),
(@ENTRY + 11,0,42897,0,0,0),
(@ENTRY + 11,0,42898,0,0,0),
(@ENTRY + 11,0,42899,0,0,0),
(@ENTRY + 11,0,42900,0,0,0),
(@ENTRY + 11,0,42901,0,0,0),
(@ENTRY + 11,0,42902,0,0,0),
(@ENTRY + 11,0,42903,0,0,0),
(@ENTRY + 11,0,42904,0,0,0),
(@ENTRY + 11,0,42905,0,0,0),
(@ENTRY + 11,0,42906,0,0,0),
(@ENTRY + 11,0,42907,0,0,0),
(@ENTRY + 11,0,42908,0,0,0),
(@ENTRY + 11,0,42909,0,0,0),
(@ENTRY + 11,0,42910,0,0,0),
(@ENTRY + 11,0,42911,0,0,0),
(@ENTRY + 11,0,42912,0,0,0),
(@ENTRY + 11,0,42913,0,0,0),
(@ENTRY + 11,0,42914,0,0,0),
(@ENTRY + 11,0,42915,0,0,0),
(@ENTRY + 11,0,42916,0,0,0),
(@ENTRY + 11,0,42917,0,0,0),
(@ENTRY + 11,0,42954,0,0,0),
(@ENTRY + 11,0,42955,0,0,0),
(@ENTRY + 11,0,42956,0,0,0),
(@ENTRY + 11,0,42957,0,0,0),
(@ENTRY + 11,0,42958,0,0,0),
(@ENTRY + 11,0,42959,0,0,0),
(@ENTRY + 12,0,42960,0,0,0),
(@ENTRY + 12,0,42961,0,0,0),
(@ENTRY + 12,0,42962,0,0,0),
(@ENTRY + 12,0,42963,0,0,0),
(@ENTRY + 12,0,42964,0,0,0),
(@ENTRY + 12,0,42965,0,0,0),
(@ENTRY + 12,0,42966,0,0,0),
(@ENTRY + 12,0,42967,0,0,0),
(@ENTRY + 12,0,42968,0,0,0),
(@ENTRY + 12,0,42969,0,0,0),
(@ENTRY + 12,0,42970,0,0,0),
(@ENTRY + 12,0,42971,0,0,0),
(@ENTRY + 12,0,42972,0,0,0),
(@ENTRY + 12,0,42973,0,0,0),
(@ENTRY + 12,0,42974,0,0,0),
(@ENTRY + 12,0,43316,0,0,0),
(@ENTRY + 12,0,43331,0,0,0),
(@ENTRY + 12,0,43332,0,0,0),
(@ENTRY + 12,0,43334,0,0,0),
(@ENTRY + 12,0,43335,0,0,0),
(@ENTRY + 12,0,43338,0,0,0),
(@ENTRY + 12,0,43339,0,0,0),
(@ENTRY + 12,0,43340,0,0,0),
(@ENTRY + 12,0,43342,0,0,0),
(@ENTRY + 12,0,43343,0,0,0),
(@ENTRY + 12,0,43344,0,0,0),
(@ENTRY + 12,0,43350,0,0,0),
(@ENTRY + 12,0,43351,0,0,0),
(@ENTRY + 12,0,43354,0,0,0),
(@ENTRY + 12,0,43355,0,0,0),
(@ENTRY + 12,0,43356,0,0,0),
(@ENTRY + 12,0,43357,0,0,0),
(@ENTRY + 12,0,43359,0,0,0),
(@ENTRY + 12,0,43360,0,0,0),
(@ENTRY + 12,0,43361,0,0,0),
(@ENTRY + 12,0,43364,0,0,0),
(@ENTRY + 12,0,43365,0,0,0),
(@ENTRY + 12,0,43366,0,0,0),
(@ENTRY + 12,0,43367,0,0,0),
(@ENTRY + 12,0,43368,0,0,0),
(@ENTRY + 12,0,43369,0,0,0),
(@ENTRY + 12,0,43370,0,0,0),
(@ENTRY + 12,0,43371,0,0,0),
(@ENTRY + 12,0,43372,0,0,0),
(@ENTRY + 12,0,43373,0,0,0),
(@ENTRY + 12,0,43374,0,0,0),
(@ENTRY + 12,0,43376,0,0,0),
(@ENTRY + 12,0,43377,0,0,0),
(@ENTRY + 12,0,43378,0,0,0),
(@ENTRY + 12,0,43379,0,0,0),
(@ENTRY + 12,0,43380,0,0,0),
(@ENTRY + 12,0,43381,0,0,0),
(@ENTRY + 12,0,43385,0,0,0),
(@ENTRY + 12,0,43386,0,0,0),
(@ENTRY + 12,0,43388,0,0,0),
(@ENTRY + 12,0,43389,0,0,0),
(@ENTRY + 12,0,43390,0,0,0),
(@ENTRY + 12,0,43391,0,0,0),
(@ENTRY + 12,0,43392,0,0,0),
(@ENTRY + 12,0,43393,0,0,0),
(@ENTRY + 12,0,43394,0,0,0),
(@ENTRY + 12,0,43395,0,0,0),
(@ENTRY + 12,0,43396,0,0,0),
(@ENTRY + 12,0,43397,0,0,0),
(@ENTRY + 12,0,43398,0,0,0),
(@ENTRY + 12,0,43399,0,0,0),
(@ENTRY + 12,0,43400,0,0,0),
(@ENTRY + 12,0,43412,0,0,0),
(@ENTRY + 12,0,43413,0,0,0),
(@ENTRY + 12,0,43414,0,0,0),
(@ENTRY + 12,0,43415,0,0,0),
(@ENTRY + 12,0,43416,0,0,0),
(@ENTRY + 12,0,43417,0,0,0),
(@ENTRY + 12,0,43418,0,0,0),
(@ENTRY + 12,0,43419,0,0,0),
(@ENTRY + 12,0,43420,0,0,0),
(@ENTRY + 12,0,43421,0,0,0),
(@ENTRY + 12,0,43422,0,0,0),
(@ENTRY + 12,0,43423,0,0,0),
(@ENTRY + 12,0,43424,0,0,0),
(@ENTRY + 12,0,43425,0,0,0),
(@ENTRY + 12,0,43426,0,0,0),
(@ENTRY + 12,0,43427,0,0,0),
(@ENTRY + 12,0,43428,0,0,0),
(@ENTRY + 12,0,43429,0,0,0),
(@ENTRY + 12,0,43430,0,0,0),
(@ENTRY + 12,0,43431,0,0,0),
(@ENTRY + 12,0,43432,0,0,0),
(@ENTRY + 12,0,43533,0,0,0),
(@ENTRY + 12,0,43534,0,0,0),
(@ENTRY + 12,0,43535,0,0,0),
(@ENTRY + 12,0,43536,0,0,0),
(@ENTRY + 12,0,43537,0,0,0),
(@ENTRY + 12,0,43538,0,0,0),
(@ENTRY + 12,0,43539,0,0,0),
(@ENTRY + 12,0,43541,0,0,0),
(@ENTRY + 12,0,43542,0,0,0),
(@ENTRY + 12,0,43543,0,0,0),
(@ENTRY + 12,0,43544,0,0,0),
(@ENTRY + 12,0,43545,0,0,0),
(@ENTRY + 12,0,43546,0,0,0),
(@ENTRY + 12,0,43547,0,0,0),
(@ENTRY + 12,0,43548,0,0,0),
(@ENTRY + 12,0,43549,0,0,0),
(@ENTRY + 12,0,43550,0,0,0),
(@ENTRY + 12,0,43551,0,0,0),
(@ENTRY + 12,0,43552,0,0,0),
(@ENTRY + 12,0,43553,0,0,0),
(@ENTRY + 12,0,43554,0,0,0),
(@ENTRY + 12,0,43671,0,0,0),
(@ENTRY + 12,0,43672,0,0,0),
(@ENTRY + 12,0,43673,0,0,0),
(@ENTRY + 12,0,43674,0,0,0),
(@ENTRY + 12,0,43725,0,0,0),
(@ENTRY + 12,0,43825,0,0,0),
(@ENTRY + 12,0,43826,0,0,0),
(@ENTRY + 12,0,43827,0,0,0),
(@ENTRY + 12,0,43867,0,0,0),
(@ENTRY + 12,0,43868,0,0,0),
(@ENTRY + 12,0,43869,0,0,0),
(@ENTRY + 12,0,44684,0,0,0),
(@ENTRY + 12,0,44920,0,0,0),
(@ENTRY + 12,0,44922,0,0,0),
(@ENTRY + 12,0,44923,0,0,0),
(@ENTRY + 12,0,44928,0,0,0),
(@ENTRY + 12,0,44955,0,0,0),
(@ENTRY + 12,0,45601,0,0,0),
(@ENTRY + 12,0,45602,0,0,0),
(@ENTRY + 12,0,45603,0,0,0),
(@ENTRY + 12,0,45604,0,0,0),
(@ENTRY + 12,0,45622,0,0,0),
(@ENTRY + 12,0,45623,0,0,0),
(@ENTRY + 12,0,45625,0,0,0),
(@ENTRY + 12,0,45731,0,0,0),
(@ENTRY + 12,0,45732,0,0,0),
(@ENTRY + 12,0,45733,0,0,0),
(@ENTRY + 12,0,45734,0,0,0),
(@ENTRY + 12,0,45735,0,0,0),
(@ENTRY + 12,0,45736,0,0,0),
(@ENTRY + 12,0,45737,0,0,0),
(@ENTRY + 12,0,45738,0,0,0),
(@ENTRY + 12,0,45739,0,0,0),
(@ENTRY + 12,0,45740,0,0,0),
(@ENTRY + 12,0,45741,0,0,0),
(@ENTRY + 12,0,45742,0,0,0),
(@ENTRY + 12,0,45743,0,0,0),
(@ENTRY + 12,0,45744,0,0,0),
(@ENTRY + 12,0,45745,0,0,0),
(@ENTRY + 12,0,45746,0,0,0),
(@ENTRY + 12,0,45747,0,0,0),
(@ENTRY + 13,0,43362,0,0,0),
(@ENTRY + 13,0,44432,0,0,0),
(@ENTRY + 13,0,45753,0,0,0),
(@ENTRY + 13,0,45755,0,0,0),
(@ENTRY + 13,0,45756,0,0,0),
(@ENTRY + 13,0,45757,0,0,0),
(@ENTRY + 13,0,45758,0,0,0),
(@ENTRY + 13,0,45760,0,0,0),
(@ENTRY + 13,0,45761,0,0,0),
(@ENTRY + 13,0,45762,0,0,0),
(@ENTRY + 13,0,45764,0,0,0),
(@ENTRY + 13,0,45766,0,0,0),
(@ENTRY + 13,0,45767,0,0,0),
(@ENTRY + 13,0,45768,0,0,0),
(@ENTRY + 13,0,45769,0,0,0),
(@ENTRY + 13,0,45770,0,0,0),
(@ENTRY + 13,0,45771,0,0,0),
(@ENTRY + 13,0,45772,0,0,0),
(@ENTRY + 13,0,45775,0,0,0),
(@ENTRY + 13,0,45776,0,0,0),
(@ENTRY + 13,0,45777,0,0,0),
(@ENTRY + 13,0,45778,0,0,0),
(@ENTRY + 13,0,45779,0,0,0),
(@ENTRY + 13,0,45780,0,0,0),
(@ENTRY + 13,0,45781,0,0,0),
(@ENTRY + 13,0,45782,0,0,0),
(@ENTRY + 13,0,45783,0,0,0),
(@ENTRY + 13,0,45785,0,0,0),
(@ENTRY + 13,0,45789,0,0,0),
(@ENTRY + 13,0,45790,0,0,0),
(@ENTRY + 13,0,45792,0,0,0),
(@ENTRY + 13,0,45793,0,0,0),
(@ENTRY + 13,0,45794,0,0,0),
(@ENTRY + 13,0,45795,0,0,0),
(@ENTRY + 13,0,45797,0,0,0),
(@ENTRY + 13,0,45799,0,0,0),
(@ENTRY + 13,0,45800,0,0,0),
(@ENTRY + 13,0,45803,0,0,0),
(@ENTRY + 13,0,45804,0,0,0),
(@ENTRY + 13,0,45805,0,0,0),
(@ENTRY + 13,0,45806,0,0,0),
(@ENTRY + 13,0,45908,0,0,0),
(@ENTRY + 13,0,46372,0,0,0),
(@ENTRY + 13,0,48720,0,0,0),
(@ENTRY + 13,0,49084,0,0,0),
(@ENTRY + 13,0,50045,0,0,0),
(@ENTRY + 13,0,50077,0,0,0),
(@ENTRY + 13,0,50125,0,0,0),
(@ENTRY + 14,0,37603,0,0,0),
(@ENTRY + 14,0,38679,0,0,0),
(@ENTRY + 14,0,38766,0,0,0),
(@ENTRY + 14,0,38767,0,0,0),
(@ENTRY + 14,0,38768,0,0,0),
(@ENTRY + 14,0,38769,0,0,0),
(@ENTRY + 14,0,38771,0,0,0),
(@ENTRY + 14,0,38773,0,0,0),
(@ENTRY + 14,0,38774,0,0,0),
(@ENTRY + 14,0,38776,0,0,0),
(@ENTRY + 14,0,38777,0,0,0),
(@ENTRY + 14,0,38778,0,0,0),
(@ENTRY + 14,0,38782,0,0,0),
(@ENTRY + 14,0,38783,0,0,0),
(@ENTRY + 14,0,38785,0,0,0),
(@ENTRY + 14,0,38786,0,0,0),
(@ENTRY + 14,0,38793,0,0,0),
(@ENTRY + 14,0,38797,0,0,0),
(@ENTRY + 14,0,38798,0,0,0),
(@ENTRY + 14,0,38799,0,0,0),
(@ENTRY + 14,0,38803,0,0,0),
(@ENTRY + 14,0,38804,0,0,0),
(@ENTRY + 14,0,38807,0,0,0),
(@ENTRY + 14,0,38808,0,0,0),
(@ENTRY + 14,0,38809,0,0,0),
(@ENTRY + 14,0,38810,0,0,0),
(@ENTRY + 14,0,38811,0,0,0),
(@ENTRY + 14,0,38812,0,0,0),
(@ENTRY + 14,0,38817,0,0,0),
(@ENTRY + 14,0,38818,0,0,0),
(@ENTRY + 14,0,38819,0,0,0),
(@ENTRY + 14,0,38824,0,0,0),
(@ENTRY + 14,0,38829,0,0,0),
(@ENTRY + 14,0,38830,0,0,0),
(@ENTRY + 14,0,38832,0,0,0),
(@ENTRY + 14,0,38837,0,0,0),
(@ENTRY + 14,0,38842,0,0,0),
(@ENTRY + 14,0,38844,0,0,0),
(@ENTRY + 14,0,38846,0,0,0),
(@ENTRY + 14,0,38847,0,0,0),
(@ENTRY + 14,0,38849,0,0,0),
(@ENTRY + 14,0,38852,0,0,0),
(@ENTRY + 14,0,38853,0,0,0),
(@ENTRY + 14,0,38854,0,0,0),
(@ENTRY + 14,0,38855,0,0,0),
(@ENTRY + 14,0,38862,0,0,0),
(@ENTRY + 14,0,38863,0,0,0),
(@ENTRY + 14,0,38864,0,0,0),
(@ENTRY + 14,0,38865,0,0,0),
(@ENTRY + 14,0,38866,0,0,0),
(@ENTRY + 14,0,38867,0,0,0),
(@ENTRY + 14,0,38881,0,0,0),
(@ENTRY + 14,0,38882,0,0,0),
(@ENTRY + 14,0,38897,0,0,0),
(@ENTRY + 14,0,38898,0,0,0),
(@ENTRY + 14,0,38899,0,0,0),
(@ENTRY + 14,0,38900,0,0,0),
(@ENTRY + 14,0,38901,0,0,0),
(@ENTRY + 14,0,38902,0,0,0),
(@ENTRY + 14,0,38903,0,0,0),
(@ENTRY + 14,0,38908,0,0,0),
(@ENTRY + 14,0,38909,0,0,0),
(@ENTRY + 14,0,38910,0,0,0),
(@ENTRY + 14,0,38911,0,0,0),
(@ENTRY + 14,0,38912,0,0,0),
(@ENTRY + 14,0,38913,0,0,0),
(@ENTRY + 14,0,38928,0,0,0),
(@ENTRY + 14,0,38929,0,0,0),
(@ENTRY + 14,0,38930,0,0,0),
(@ENTRY + 14,0,38937,0,0,0),
(@ENTRY + 14,0,38938,0,0,0),
(@ENTRY + 14,0,38943,0,0,0),
(@ENTRY + 14,0,38944,0,0,0),
(@ENTRY + 14,0,38955,0,0,0),
(@ENTRY + 14,0,38961,0,0,0),
(@ENTRY + 14,0,38962,0,0,0),
(@ENTRY + 14,0,38966,0,0,0),
(@ENTRY + 14,0,38968,0,0,0),
(@ENTRY + 14,0,38971,0,0,0),
(@ENTRY + 14,0,38974,0,0,0),
(@ENTRY + 14,0,38975,0,0,0),
(@ENTRY + 14,0,38976,0,0,0),
(@ENTRY + 14,0,38980,0,0,0),
(@ENTRY + 14,0,38984,0,0,0),
(@ENTRY + 14,0,38986,0,0,0),
(@ENTRY + 14,0,38987,0,0,0),
(@ENTRY + 14,0,38989,0,0,0),
(@ENTRY + 14,0,38996,0,0,0),
(@ENTRY + 14,0,38997,0,0,0),
(@ENTRY + 14,0,38999,0,0,0),
(@ENTRY + 14,0,39002,0,0,0),
(@ENTRY + 14,0,39005,0,0,0),
(@ENTRY + 14,0,39006,0,0,0),
(@ENTRY + 14,0,44449,0,0,0),
(@ENTRY + 14,0,44465,0,0,0),
(@ENTRY + 14,0,44469,0,0,0),
(@ENTRY + 14,0,44470,0,0,0),
(@ENTRY + 14,0,44815,0,0,0),
(@ENTRY + 14,0,44947,0,0,0),
(@ENTRY + 14,0,45628,0,0,0),
(@ENTRY + 15,0,38373,0,0,0),
(@ENTRY + 15,0,38374,0,0,0),
(@ENTRY + 15,0,38770,0,0,0),
(@ENTRY + 15,0,38775,0,0,0),
(@ENTRY + 15,0,38784,0,0,0),
(@ENTRY + 15,0,38787,0,0,0),
(@ENTRY + 15,0,38789,0,0,0),
(@ENTRY + 15,0,38790,0,0,0),
(@ENTRY + 15,0,38791,0,0,0),
(@ENTRY + 15,0,38792,0,0,0),
(@ENTRY + 15,0,38795,0,0,0),
(@ENTRY + 15,0,38800,0,0,0),
(@ENTRY + 15,0,38801,0,0,0),
(@ENTRY + 15,0,38802,0,0,0),
(@ENTRY + 15,0,38805,0,0,0),
(@ENTRY + 15,0,38806,0,0,0),
(@ENTRY + 15,0,38815,0,0,0),
(@ENTRY + 15,0,38816,0,0,0),
(@ENTRY + 15,0,38820,0,0,0),
(@ENTRY + 15,0,38823,0,0,0),
(@ENTRY + 15,0,38825,0,0,0),
(@ENTRY + 15,0,38826,0,0,0),
(@ENTRY + 15,0,38827,0,0,0),
(@ENTRY + 15,0,38828,0,0,0),
(@ENTRY + 15,0,38831,0,0,0),
(@ENTRY + 15,0,38833,0,0,0),
(@ENTRY + 15,0,38834,0,0,0),
(@ENTRY + 15,0,38835,0,0,0),
(@ENTRY + 15,0,38836,0,0,0),
(@ENTRY + 15,0,38839,0,0,0),
(@ENTRY + 15,0,38841,0,0,0),
(@ENTRY + 15,0,38843,0,0,0),
(@ENTRY + 15,0,38850,0,0,0),
(@ENTRY + 15,0,38851,0,0,0),
(@ENTRY + 15,0,38856,0,0,0),
(@ENTRY + 15,0,38857,0,0,0),
(@ENTRY + 15,0,38858,0,0,0),
(@ENTRY + 15,0,38859,0,0,0),
(@ENTRY + 15,0,38860,0,0,0),
(@ENTRY + 15,0,38861,0,0,0),
(@ENTRY + 15,0,38885,0,0,0),
(@ENTRY + 15,0,38886,0,0,0),
(@ENTRY + 15,0,38887,0,0,0),
(@ENTRY + 15,0,38888,0,0,0),
(@ENTRY + 15,0,38889,0,0,0),
(@ENTRY + 15,0,38890,0,0,0),
(@ENTRY + 15,0,38891,0,0,0),
(@ENTRY + 15,0,38892,0,0,0),
(@ENTRY + 15,0,38893,0,0,0),
(@ENTRY + 15,0,38894,0,0,0),
(@ENTRY + 15,0,38895,0,0,0),
(@ENTRY + 15,0,38904,0,0,0),
(@ENTRY + 15,0,38905,0,0,0),
(@ENTRY + 15,0,38906,0,0,0),
(@ENTRY + 15,0,38907,0,0,0),
(@ENTRY + 15,0,38914,0,0,0),
(@ENTRY + 15,0,38915,0,0,0),
(@ENTRY + 15,0,38931,0,0,0),
(@ENTRY + 15,0,38932,0,0,0),
(@ENTRY + 15,0,38933,0,0,0),
(@ENTRY + 15,0,38934,0,0,0),
(@ENTRY + 15,0,38935,0,0,0),
(@ENTRY + 15,0,38936,0,0,0),
(@ENTRY + 15,0,38939,0,0,0),
(@ENTRY + 15,0,38940,0,0,0),
(@ENTRY + 15,0,38941,0,0,0),
(@ENTRY + 15,0,38942,0,0,0),
(@ENTRY + 15,0,38945,0,0,0),
(@ENTRY + 15,0,38949,0,0,0),
(@ENTRY + 15,0,38950,0,0,0),
(@ENTRY + 15,0,38951,0,0,0),
(@ENTRY + 15,0,38953,0,0,0),
(@ENTRY + 15,0,38954,0,0,0),
(@ENTRY + 15,0,38956,0,0,0),
(@ENTRY + 15,0,38959,0,0,0),
(@ENTRY + 15,0,38960,0,0,0),
(@ENTRY + 15,0,38964,0,0,0),
(@ENTRY + 15,0,38967,0,0,0),
(@ENTRY + 15,0,38969,0,0,0),
(@ENTRY + 15,0,38970,0,0,0),
(@ENTRY + 15,0,38973,0,0,0),
(@ENTRY + 15,0,38977,0,0,0),
(@ENTRY + 15,0,38978,0,0,0),
(@ENTRY + 15,0,38979,0,0,0),
(@ENTRY + 15,0,38982,0,0,0),
(@ENTRY + 15,0,38983,0,0,0),
(@ENTRY + 15,0,38985,0,0,0),
(@ENTRY + 15,0,38990,0,0,0),
(@ENTRY + 15,0,38993,0,0,0),
(@ENTRY + 15,0,39000,0,0,0),
(@ENTRY + 15,0,39001,0,0,0),
(@ENTRY + 15,0,39003,0,0,0),
(@ENTRY + 15,0,39004,0,0,0),
(@ENTRY + 15,0,41602,0,0,0),
(@ENTRY + 15,0,41604,0,0,0),
(@ENTRY + 15,0,44067,0,0,0),
(@ENTRY + 15,0,44068,0,0,0),
(@ENTRY + 15,0,44069,0,0,0),
(@ENTRY + 15,0,44075,0,0,0),
(@ENTRY + 15,0,44133,0,0,0),
(@ENTRY + 15,0,44134,0,0,0),
(@ENTRY + 15,0,44135,0,0,0),
(@ENTRY + 15,0,44136,0,0,0),
(@ENTRY + 15,0,44149,0,0,0),
(@ENTRY + 15,0,44150,0,0,0),
(@ENTRY + 15,0,44152,0,0,0),
(@ENTRY + 15,0,44159,0,0,0),
(@ENTRY + 15,0,44455,0,0,0),
(@ENTRY + 15,0,44456,0,0,0),
(@ENTRY + 15,0,44457,0,0,0),
(@ENTRY + 15,0,44458,0,0,0),
(@ENTRY + 15,0,44936,0,0,0),
(@ENTRY + 15,0,44957,0,0,0),
(@ENTRY + 15,0,44963,0,0,0),
(@ENTRY + 15,0,45056,0,0,0),
(@ENTRY + 15,0,45060,0,0,0),
(@ENTRY + 15,0,50816,0,0,0),
(@ENTRY + 16,0,38779,0,0,0),
(@ENTRY + 16,0,38780,0,0,0),
(@ENTRY + 16,0,38794,0,0,0),
(@ENTRY + 16,0,38813,0,0,0),
(@ENTRY + 16,0,38814,0,0,0),
(@ENTRY + 16,0,38821,0,0,0),
(@ENTRY + 16,0,38838,0,0,0),
(@ENTRY + 16,0,38840,0,0,0),
(@ENTRY + 16,0,38848,0,0,0),
(@ENTRY + 16,0,38868,0,0,0),
(@ENTRY + 16,0,38870,0,0,0),
(@ENTRY + 16,0,38871,0,0,0),
(@ENTRY + 16,0,38872,0,0,0),
(@ENTRY + 16,0,38873,0,0,0),
(@ENTRY + 16,0,38876,0,0,0),
(@ENTRY + 16,0,38877,0,0,0),
(@ENTRY + 16,0,38878,0,0,0),
(@ENTRY + 16,0,38879,0,0,0),
(@ENTRY + 16,0,38880,0,0,0),
(@ENTRY + 16,0,38883,0,0,0),
(@ENTRY + 16,0,38884,0,0,0),
(@ENTRY + 16,0,38917,0,0,0),
(@ENTRY + 16,0,38918,0,0,0),
(@ENTRY + 16,0,38920,0,0,0),
(@ENTRY + 16,0,38921,0,0,0),
(@ENTRY + 16,0,38923,0,0,0),
(@ENTRY + 16,0,38924,0,0,0),
(@ENTRY + 16,0,38925,0,0,0),
(@ENTRY + 16,0,38926,0,0,0),
(@ENTRY + 16,0,38927,0,0,0),
(@ENTRY + 16,0,38946,0,0,0),
(@ENTRY + 16,0,38947,0,0,0),
(@ENTRY + 16,0,38948,0,0,0),
(@ENTRY + 16,0,38957,0,0,0),
(@ENTRY + 16,0,38958,0,0,0),
(@ENTRY + 16,0,38963,0,0,0),
(@ENTRY + 16,0,38965,0,0,0),
(@ENTRY + 16,0,38972,0,0,0),
(@ENTRY + 16,0,38988,0,0,0),
(@ENTRY + 16,0,38991,0,0,0),
(@ENTRY + 16,0,38994,0,0,0),
(@ENTRY + 16,0,38995,0,0,0),
(@ENTRY + 16,0,38998,0,0,0),
(@ENTRY + 16,0,41146,0,0,0),
(@ENTRY + 16,0,41167,0,0,0),
(@ENTRY + 16,0,41976,0,0,0),
(@ENTRY + 16,0,43987,0,0,0),
(@ENTRY + 16,0,44453,0,0,0),
(@ENTRY + 16,0,44466,0,0,0),
(@ENTRY + 16,0,44467,0,0,0),
(@ENTRY + 16,0,44493,0,0,0),
(@ENTRY + 16,0,44497,0,0,0),
(@ENTRY + 16,0,44946,0,0,0),
(@ENTRY + 16,0,45056,0,0,0),
(@ENTRY + 16,0,46026,0,0,0),
(@ENTRY + 16,0,46098,0,0,0),
(@ENTRY + 17,0,36766,0,0,0),
(@ENTRY + 17,0,36767,0,0,0),
(@ENTRY + 17,0,39996,0,0,0),
(@ENTRY + 17,0,39997,0,0,0),
(@ENTRY + 17,0,39998,0,0,0),
(@ENTRY + 17,0,39999,0,0,0),
(@ENTRY + 17,0,40000,0,0,0),
(@ENTRY + 17,0,40001,0,0,0),
(@ENTRY + 17,0,40002,0,0,0),
(@ENTRY + 17,0,40003,0,0,0),
(@ENTRY + 17,0,40008,0,0,0),
(@ENTRY + 17,0,40009,0,0,0),
(@ENTRY + 17,0,40010,0,0,0),
(@ENTRY + 17,0,40011,0,0,0),
(@ENTRY + 17,0,40012,0,0,0),
(@ENTRY + 17,0,40013,0,0,0),
(@ENTRY + 17,0,40014,0,0,0),
(@ENTRY + 17,0,40015,0,0,0),
(@ENTRY + 17,0,40016,0,0,0),
(@ENTRY + 17,0,40017,0,0,0),
(@ENTRY + 17,0,40022,0,0,0),
(@ENTRY + 17,0,40023,0,0,0),
(@ENTRY + 17,0,40024,0,0,0),
(@ENTRY + 17,0,40025,0,0,0),
(@ENTRY + 17,0,40026,0,0,0),
(@ENTRY + 17,0,40027,0,0,0),
(@ENTRY + 17,0,40028,0,0,0),
(@ENTRY + 17,0,40029,0,0,0),
(@ENTRY + 17,0,40030,0,0,0),
(@ENTRY + 17,0,40031,0,0,0),
(@ENTRY + 17,0,40032,0,0,0),
(@ENTRY + 17,0,40033,0,0,0),
(@ENTRY + 17,0,40034,0,0,0),
(@ENTRY + 17,0,40037,0,0,0),
(@ENTRY + 17,0,40038,0,0,0),
(@ENTRY + 17,0,40039,0,0,0),
(@ENTRY + 17,0,40040,0,0,0),
(@ENTRY + 17,0,40041,0,0,0),
(@ENTRY + 17,0,40043,0,0,0),
(@ENTRY + 17,0,40044,0,0,0),
(@ENTRY + 17,0,40045,0,0,0),
(@ENTRY + 17,0,40046,0,0,0),
(@ENTRY + 17,0,40047,0,0,0),
(@ENTRY + 17,0,40048,0,0,0),
(@ENTRY + 17,0,40049,0,0,0),
(@ENTRY + 17,0,40050,0,0,0),
(@ENTRY + 17,0,40051,0,0,0),
(@ENTRY + 17,0,40053,0,0,0),
(@ENTRY + 17,0,40054,0,0,0),
(@ENTRY + 17,0,40055,0,0,0),
(@ENTRY + 17,0,40056,0,0,0),
(@ENTRY + 17,0,40057,0,0,0),
(@ENTRY + 17,0,40058,0,0,0),
(@ENTRY + 17,0,40059,0,0,0),
(@ENTRY + 17,0,40085,0,0,0),
(@ENTRY + 17,0,40086,0,0,0),
(@ENTRY + 17,0,40088,0,0,0),
(@ENTRY + 17,0,40089,0,0,0),
(@ENTRY + 17,0,40090,0,0,0),
(@ENTRY + 17,0,40091,0,0,0),
(@ENTRY + 17,0,40092,0,0,0),
(@ENTRY + 17,0,40094,0,0,0),
(@ENTRY + 17,0,40095,0,0,0),
(@ENTRY + 17,0,40096,0,0,0),
(@ENTRY + 17,0,40098,0,0,0),
(@ENTRY + 17,0,40099,0,0,0),
(@ENTRY + 17,0,40100,0,0,0),
(@ENTRY + 17,0,40101,0,0,0),
(@ENTRY + 17,0,40102,0,0,0),
(@ENTRY + 17,0,40103,0,0,0),
(@ENTRY + 17,0,40104,0,0,0),
(@ENTRY + 17,0,40105,0,0,0),
(@ENTRY + 17,0,40106,0,0,0),
(@ENTRY + 17,0,41611,0,0,0),
(@ENTRY + 17,0,42142,0,0,0),
(@ENTRY + 17,0,42143,0,0,0),
(@ENTRY + 17,0,42144,0,0,0),
(@ENTRY + 17,0,42145,0,0,0),
(@ENTRY + 17,0,42146,0,0,0),
(@ENTRY + 17,0,42148,0,0,0),
(@ENTRY + 17,0,42149,0,0,0),
(@ENTRY + 17,0,42150,0,0,0),
(@ENTRY + 17,0,42151,0,0,0),
(@ENTRY + 17,0,42152,0,0,0),
(@ENTRY + 17,0,42153,0,0,0),
(@ENTRY + 17,0,42154,0,0,0),
(@ENTRY + 17,0,42155,0,0,0),
(@ENTRY + 17,0,42156,0,0,0),
(@ENTRY + 17,0,42157,0,0,0),
(@ENTRY + 17,0,42158,0,0,0),
(@ENTRY + 17,0,42225,0,0,0),
(@ENTRY + 17,0,44066,0,0,0),
(@ENTRY + 17,0,49110,0,0,0),
(@ENTRY + 18,0,25896,0,0,0),
(@ENTRY + 18,0,41285,0,0,0),
(@ENTRY + 18,0,41307,0,0,0),
(@ENTRY + 18,0,41333,0,0,0),
(@ENTRY + 18,0,41335,0,0,0),
(@ENTRY + 18,0,41339,0,0,0),
(@ENTRY + 18,0,41375,0,0,0),
(@ENTRY + 18,0,41376,0,0,0),
(@ENTRY + 18,0,41377,0,0,0),
(@ENTRY + 18,0,41378,0,0,0),
(@ENTRY + 18,0,41379,0,0,0),
(@ENTRY + 18,0,41380,0,0,0),
(@ENTRY + 18,0,41381,0,0,0),
(@ENTRY + 18,0,41382,0,0,0),
(@ENTRY + 18,0,41385,0,0,0),
(@ENTRY + 18,0,41389,0,0,0),
(@ENTRY + 18,0,41395,0,0,0),
(@ENTRY + 18,0,41396,0,0,0),
(@ENTRY + 18,0,41397,0,0,0),
(@ENTRY + 18,0,41398,0,0,0),
(@ENTRY + 18,0,41400,0,0,0),
(@ENTRY + 18,0,41401,0,0,0),
(@ENTRY + 19,0,12353,0,0,0),
(@ENTRY + 19,0,32768,0,0,0),
(@ENTRY + 19,0,33225,0,0,0),
(@ENTRY + 19,0,49290,0,0,0),
(@ENTRY + 20,0,6265,0,0,0),
(@ENTRY + 20,0,23162,0,0,0),
(@ENTRY + 20,0,34722,0,0,0),
(@ENTRY + 20,0,41164,0,0,0),
(@ENTRY + 20,0,41165,0,0,0),
(@ENTRY + 20,0,42225,0,0,0),
(@ENTRY + 20,0,42305,0,0,0),
(@ENTRY + 20,0,42313,0,0,0),
(@ENTRY + 21,0,5956,0,0,0),
(@ENTRY + 21,0,6219,0,0,0),
(@ENTRY + 21,0,20824,0,0,0),
(@ENTRY + 21,0,33470,0,0,0),
(@ENTRY + 21,0,34054,0,0,0),
(@ENTRY + 21,0,34055,0,0,0),
(@ENTRY + 21,0,35624,0,0,0),
(@ENTRY + 21,0,35627,0,0,0),
(@ENTRY + 21,0,36913,0,0,0),
(@ENTRY + 21,0,36916,0,0,0),
(@ENTRY + 21,0,37700,0,0,0),
(@ENTRY + 21,0,37702,0,0,0),
(@ENTRY + 21,0,37705,0,0,0),
(@ENTRY + 21,0,38426,0,0,0),
(@ENTRY + 21,0,39681,0,0,0),
(@ENTRY + 21,0,39682,0,0,0),
(@ENTRY + 21,0,39690,0,0,0),
(@ENTRY + 21,0,41593,0,0,0),
(@ENTRY + 21,0,41594,0,0,0),
(@ENTRY + 21,0,41595,0,0,0),
(@ENTRY + 21,0,43127,0,0,0),
(@ENTRY + 21,0,44128,0,0,0),
(@ENTRY + 21,0,44452,0,0,0),
(@ENTRY + 21,0,47499,0,0,0);